{"loss_c": 1.8885509967803955, "loss_s": 1.5961037874221802, "smooth_loss": 0.00423780083656311, "total_loss": 1.7891966104507446, "_timestamp": 1670015275.1272972, "_runtime": 104.03551125526428, "_step": 0}