{"epoch": 4, "current_lr": 5e-05, "loss_c": 1.962025761604309, "loss_s": 1.479577660560608, "smooth_loss": 0.017211265861988068, "total_loss": 1.6929916143417358, "images": {"_type": "image-file", "sha256": "41dc61de7e87e51ea442799b355a75cf89b8b1f54e2486a5744ae1944b32225e", "size": 501898, "path": "media/images/images_1_41dc61de7e87e51ea442.png", "format": "png", "width": 1208, "height": 304}, "_timestamp": 1670016065, "_runtime": 208, "_step": 1, "_wandb": {"runtime": 206}}