{"loss_c": 1.370380163192749, "loss_s": 2.8560397624969482, "smooth_loss": 0.0010760127333924174, "total_loss": 2.9941537380218506, "_timestamp": 1670015078.126442, "_runtime": 56.90687298774719, "_step": 0, "_wandb": {"runtime": 70}}